审查ID	step	自动分层	uid	问题	gold	模型答案	证据标签	答案标签	人工审查说明
S1-hit_valid-01	1	hit_valid	d8921c32-235e-419a-ab5c-55f464fa09e4	Which director has won more Canadian Screen Awards, Sidney Olcott or Denis Villeneuve?	Denis Villeneuve	Denis Villeneuve has won more Canadian Screen Awards than Sidney Olcott.	I	C	只给出 Villeneuve 获奖信息，缺少 Olcott 对照；答案语义符合 gold 但证据链不完整
S1-hit_valid-02	1	hit_valid	d10e63a2-1d6f-4431-a6fb-3432b1027c38	Sampson Hosking played for Port Adelaide Football Club in this league?	South Australian Football League	South Australian Football League (SAFL)	S	C	直接证据充分；SAFL 扩写导致 strict EM 失败
S1-hit_valid-03	1	hit_valid	8b4da0f1-3d72-4ed4-8117-7bc9846af722	Which chain was founded first, Blaze Pizza or Marion's Piazza?	Marion's Piazza	Marion's Piazza was founded first in 1965, while Blaze Pizza was founded in 2011.	S	C	两条链的成立年份可比较；完整句导致 strict EM 失败
S1-hit_valid-04	1	hit_valid	9daffcf1-e105-4378-aee6-7d5d94f23c0c	what is the meat in a reuben sandwich?	corned beef,	The meat in a Reuben sandwich is corned beef.	S	C	直接命中 corned beef；完整句导致 strict EM 失败
S1-hit_valid-05	1	hit_valid	b6721413-6a72-4eb1-9578-5f6ad298510f	when did paramount announce the remastered release of star trek for tv?	July 26, 2007	2009	S	W	证据明确 2007-07-26，模型回答 2009
S1-hit_valid-06	1	hit_valid	92fc2e9f-a4c6-4aed-b77d-c7a1cbb21c56	what season of grey's does izzy get cancer?	fifth season	Season 6	S	W	证据明确第五季，模型回答第六季
S1-hit_valid-07	1	hit_valid	045059b1-95fe-4ded-8624-cd5b85fbb2e6	who plays the elf lord in the hobbit?	Lee Grinner Pace	Lee Pace	S	C	Lee Pace 是可接受简称，与 gold 同一人
S1-hit_valid-08	1	hit_valid	91ab528d-bdf3-400f-b7af-68a558991439	How many episodes are there of the series which includes Achy Jakey Heart?	98	"Achy Jakey Heart is a two-part episode of the television series ""Hannah Montana""."	S	W	证据包含系列与 98 集信息，但模型只回答该集是两部分
S1-hit_valid-09	1	hit_valid	253f1882-1004-4f94-b132-05e8dcce549c	when did hawaii become a part of the united states?	August 12, 1898	Hawaii became a territory of the United States on August 12, 1898, and was admitted as a state on August 21, 1959.	S	C	正确包含 1898-08-12，附加州成立日期导致不完全精确
S1-hit_valid-10	1	hit_valid	23350d65-5843-4abe-adcc-9c4e9ff83a91	Which film came out first, Tjambuk Api or Goonda (Film)?	Tjambuk Api	Tjambuk Api came out first.	I	C	可见重点只确认 Tjambuk Api 年份，缺 Goonda 对照；答案符合 gold 但支持不足
S1-hit_invalid-01	1	hit_invalid	824037a0-10da-468f-87cc-4e0227d60d92	when was the last time ireland won eurovision?	1996		S	N	证据明确最近一次为 1996，但重复搜索五次且未形成闭合答案
S1-hit_invalid-02	1	hit_invalid	d8447fc1-17eb-4412-a887-7743690b5056	What was the name of the United States Army Installation in Kansas where Australian singer-songwriter and producer Ross Edwin Ryan was born?	Fort Leavenworth		I	N	只出现 Fort Leavenworth 实体，未建立 Ross Ryan 出生关系
S1-hit_invalid-03	1	hit_invalid	ae4ab61c-f3cf-4397-befc-cbb54cd6abee	"How many glasses/cups a year are consumed of the drink made from black tea and milk in the city which as been given the labels of ""Gourmet Paradise"" and ""World's Fair of Food""?"	900 million		S	N	直接给出 900 million，但未形成闭合答案
S1-hit_invalid-04	1	hit_invalid	b4a9c814-d1b7-41bf-8d72-d76d6c2ce9bf	who plays miley's grandma in hannah montana?	Vicki Lawrence		S	N	直接给出 Vicki Lawrence 饰演 Mamaw Ruthie，但未形成闭合答案
S1-hit_invalid-05	1	hit_invalid	169912de-9918-4d69-b879-da877ec8ab86	Where is the place of death of the man who became leader of the largest country in Europe in square miles after the collapse of the nation leading the space race in April of 1961?	Moscow | Moscow, Russia		I	N	Moscow 来自错误人物 Yuri Levitansky，未识别俄罗斯领导人关系链
S1-miss_valid-01	1	miss_valid	2dc99fe6-901f-4d09-b657-7cca96d3e045	Who is Thierry Roussel's father-in-law?	Aristotle Onassis	Jean-Paul Grinda	I	W	证据未给 Aristotle Onassis，模型误取 Jean-Paul Grinda
S1-miss_valid-02	1	miss_valid	767d00ed-fd18-4c25-bbee-71e9e3bf2c5e	When was the director of film The Babe born?	November 22, 1923	1952	I	W	混淆 The Babe 与 Babe，选择了错误导演及出生年
S1-miss_valid-03	1	miss_valid	4c961d27-e9f9-4e08-9be7-74a9ad031c95	Do both Night Comes On and Namibia: The Struggle for Liberation films have the directors from the same country?	yes	Yes, both films are directed by Charles Burnett, who is American.	I	W	只找到 Namibia 影片信息，未识别 Night Comes On 导演
S1-miss_valid-04	1	miss_valid	176d495e-a619-4176-9a2d-40ab58effda7	Which country the director of film Flashing Spikes is from?	American	Adrian Lyne is from England.	I	W	已找到 John Ford 却错误改搜 Adrian Lyne，国籍回答错误
S1-miss_valid-05	1	miss_valid	e3a5eb5e-3d87-42fb-821d-7fcb57882d93	What is the place of birth of the performer of song Almost Blue (Song)?	London	London, England	I	C	证据识别演唱者但未给出生地；London 语义正确但缺可见支持
S1-miss_valid-06	1	miss_valid	cea4e01b-eaf0-4ecb-93da-607679e8c8cf	Do both directors of films They Shoot Horses, Don'T They? (Film) and Blackboard Jungle share the same nationality?	yes	"Yes, both directors of ""They Shoot Horses, Don't They?"" and ""Blackboard Jungle"" are American."	S	C	两部影片条目足以识别两位美国导演；yes 需组合推导且不会原样出现
S1-miss_valid-07	1	miss_valid	1dfd6425-5717-45e1-b577-1bc069099c73	Are Taleqan Tappeh and Toukouroua both located in the same country?	no	No, Taleqan Tappeh and Toukouroua are not located in the same country.	I	C	检索结果没有两个目标地点，no 与 gold 一致但证据不支持
S1-miss_valid-08	1	miss_valid	a4c26dc9-f819-42eb-8002-677584c1f12e	Which town on Monsweag Bay in Wiscasset, Maine had a population of 3,072 in the 2010 census?	Woolwich	Wiscasset (CDP), Maine had a population of 3,732 in the 2010 census.	I	W	检索到 Wiscasset 而非 Woolwich，人口也错误
S1-miss_valid-09	1	miss_valid	7db5ea15-ffcf-4a87-b09e-e6bfcca4b287	What did the publisher of Magnetica primarily rely on for its support?	first-party games	The publisher of Magnetica, Nintendo, relied on its internal development teams and the Nintendo Network for support.	I	W	未检索 Magnetica 对应的发行商支持事实
S1-miss_valid-10	1	miss_valid	058c37af-3a43-4468-835b-eb99eb357115	Are Jean Sévillia and Viktor Reimann of the same nationality?	no	No, Jean Sévillia and Viktor Reimann are not of the same nationality.	I	C	未检索两个目标人物，no 与 gold 一致但证据不支持
S1-miss_invalid-01	1	miss_invalid	109e0b3c-9c33-4cc3-b959-bb92592689d8	when did the way we were come out?	October 19, 1973		I	N	格式错误导致搜索未执行，无证据无答案
S1-miss_invalid-02	1	miss_invalid	06af45fb-4365-49cf-8999-8bc3ccb1061e	Who was elected president in 1992 of the country AS Maniema Union is located?	Pascal Lissouba		I	N	重复错误 query，未找到国家及 Pascal Lissouba
S1-miss_invalid-03	1	miss_invalid	dd98b0bf-9314-49d5-a413-4bf4e9a2b039	The current WBO Asia Pacific Super Middleweight Champion made his debut film appearance in a movie directed by who?	Kabir Sadanand		I	N	只识别 Vijender Singh，未找到首次电影及导演
S1-miss_invalid-04	1	miss_invalid	fba61a75-2c0c-49f7-8f8a-180c3e781d6e	where does the godfather rank on the american film institute's top 100 list?	2.		I	N	未检索到 AFI 第二名事实，重复搜索后未答
S1-miss_invalid-05	1	miss_invalid	5122acd7-df1e-4d7a-b260-49878f0ad24e	What is the undergraduate enrollment at the alma mater of the Funny Ha Ha cast member?	7,200		I	N	只找到影片和零散人物，未完成母校与本科人数链路
S2-hit_valid-01	2	hit_valid	11786cf2-b653-4a85-abdf-1349e9f3af65	The speaker of the governing body in India controlling the Prime Minister of India is elected by whom?	Parliament of India	The speaker of the governing body in India, the Lok Sabha, is elected by the members of the Lok Sabha through a simple majority of members present and voting. This ensures the speaker is chosen within the legislative body, not by the general public.	S	C	证据明确 Lok Sabha Speaker 由本院成员选举；回答更具体但不等于短 gold
S2-hit_valid-02	2	hit_valid	7b2e4cdd-1fbb-43d1-94c2-a0873d772f1f	Who is Anne Hastings, Countess Of Shrewsbury's mother-in-law?	Lady Catherine Stafford	Mary Talbot, Countess of Shrewsbury	S	W	证据明确丈夫的母亲是 Lady Catherine Stafford，模型误答 Mary Talbot
S2-hit_valid-03	2	hit_valid	0dc17705-bbbc-4b15-8552-4179cca3b212	The Liberator Magazine and Lapidary Journal Jewelry Artist, are which form of publication?	magazine	The Liberator Magazine and Lapidary Journal Jewelry Artist are forms of publication.	I	W	只确认 Liberator 是 publication，未确认两者共同类别为 magazine
S2-hit_valid-04	2	hit_valid	4814f7ac-94b6-4655-b4b1-f955c1ebe1ee	"Bailando 2010 was the sixth season of ""Bailando por un Sueño"", the season with the most replacements, due to the withdrawals of contestants, who is an Argentine singer, model and actress?"	Luciana Salazar	Sofía Zámolo	S	W	证据列出退出者 Luciana Salazar，模型误选 Sofía Zámolo
S2-hit_valid-05	2	hit_valid	900358ed-298e-47f4-8de5-b912d4ad4fb7	Who was born earlier, José María Galeano or Angelo Prisco?	Angelo Prisco	José María Galeano was born earlier than Angelo Prisco (March 25, 1799 vs. August 1, 1939).	I	W	没有检索到正确的 José María Galeano 出生信息，比较建立在同名错误实体上
S2-hit_valid-06	2	hit_valid	5fd2ae11-45e7-4129-881c-f8367968dfc3	What English football team is also known as the Vanarama National League North and has Reece Hands on the roster?	National League North	Gainsborough Trinity	S	W	证据同时给出 Gainsborough Trinity 与 National League North，模型回答球队而非数据集 gold
S2-hit_valid-07	2	hit_valid	556279c1-6d31-43bb-8889-2b0a5a4bd64d	how much is a shot of espresso in ml?	30 ml	A shot of espresso is typically 30 milliliters.	S	C	证据包含标准 30 ml，完整句导致 strict EM 失败
S2-hit_valid-08	2	hit_valid	e2214ee2-a52a-4240-9e45-3d456c5053ae	who won the icc womens world cup 2017?	England	England won the 2017 ICC Women's World Cup.	S	C	决赛证据支持 England 获胜，完整句导致 strict EM 失败
S2-hit_valid-09	2	hit_valid	78ba74b1-a23c-49c6-856d-6124e07f0d97	if an individual has an android pattern of fat distribution where will fat be predominantly stored?	shoulder | chest | abdomen | upper body | nape of the neck | trunk	Fat is predominantly stored in the trunk and upper body in an android pattern, including the abdomen and chest.	S	C	直接列出 trunk、upper body、abdomen 和 chest，回答语义正确但非单一短 span
S2-hit_valid-10	2	hit_valid	99f72310-12c5-42e5-8ec2-0e98255c249f	What county is Curtis Bledsoe's birthplace the capital of?	Ector County	Odessa, Texas is the capital of Ector County, Texas.	S	C	两跳证据确认 Odessa 是 Ector County county seat；capital 措辞不精确但命中 gold
S2-hit_invalid-01	2	hit_invalid	fa5a06ec-ea8f-49ad-bc5b-1029dd585b6a	When did Carl Philipp Emanuel Bach's mother die?	1720		S	N	母子关系与 1720 埋葬年份均明确，重复五次后未答
S2-hit_invalid-02	2	hit_invalid	f338b46d-80ed-46f7-8970-06eb77132282	where was far and away filmed in ireland?	Dublin		S	N	证据明确 Dublin 的拍摄地点，重复五次后未答
S2-hit_invalid-03	2	hit_invalid	7b005855-a97a-43d7-b2b5-dcf1a02f6acd	Since what year have the voters of the US state bordering to the east the death state of the performer of Hello Love leaned republican?	1976		I	N	1976 来自无关 Eric Elbogen，未完成 Hello Love 演唱者及州关系链
S2-hit_invalid-04	2	hit_invalid	1df86e85-a61d-4e1b-aada-f9f17b4bf1c4	When did the performer of Do Somethin' release her first album?	1999		I	N	混淆 Macy Gray 与 Britney Spears；1999 的出现未支持所问关系
S2-hit_invalid-05	2	hit_invalid	7ec2b49f-58aa-4c33-8d0a-436b02617b2c	in the canterbury tales who is the prioress?	Madame Eglantine		S	N	直接给出 Prioress 为 Madame Eglantine，但未形成答案
S2-miss_valid-01	2	miss_valid	79b8ceba-3458-4bdd-8eec-e8d7fcb60739	Are Kurukkalmadam and Shirabad, Razavi Khorasan both located in the same country?	no	No, Kurukkalmadam and Shirabad, Razavi Khorasan are not located in the same country.	I	C	没有检索到两个目标地点，no 与 gold 一致但缺证据支持
S2-miss_valid-02	2	miss_valid	564dd452-071d-46ed-a913-bfd9263f9635	When was the English professional football referee born who refereed The 2016 FA Cup Final?	13 March 1975	Anthony Taylor was born on 20 October 1978.	I	W	误认 2016 FA Cup Final 裁判为 Anthony Taylor，出生日期错误
S2-miss_valid-03	2	miss_valid	15de8a1b-b69c-4507-b16f-337b815c9c55	where was the second half of the american revolutionary war primarily fought?	the South	The second half of the American Revolutionary War was primarily fought in the Southern theater of the American Revolutionary War, which encompassed the Southern Colonies.	S	C	Southern theater 明确是后半程主要战区；the South 为组合式同义答案
S2-miss_valid-04	2	miss_valid	acf67601-7d54-4ace-9237-f4e008358fcf	"The event ""Bloody Wednesday"" is based on took place in what year?"	1984	1906	I	W	只识别影片对应事件，未检索 San Ysidro massacre 的 1984 年
S2-miss_valid-05	2	miss_valid	80965195-a954-481d-b9b0-d812724fc9b6	Which one was established first, Enerca or Mmm Global?	Enerca	Enerca was established first.	I	C	只明确 MMM 2011，未可靠识别 Enerca 的成立信息；答案符合 gold 但支持不足
S2-miss_valid-06	2	miss_valid	eebf7f80-b24a-4435-afd3-55e695b7c018	What is the date of birth of the director of film Kid Rodelo?	April 29, 1912	October 17, 1981	I	W	检索了错误影片与导演，未找到 Kid Rodelo 导演 Richard Carlson
S2-miss_valid-07	2	miss_valid	761379a5-6efc-47e4-8bf7-f7394755504c	Which country the director of film Andron (Film) is from?	Italian	Hungary	I	W	未识别 Andron 导演 Francesco Cinquemani，错误转向匈牙利人物
S2-miss_valid-08	2	miss_valid	aeb0c64f-6397-46b1-bf40-bee399bf32a1	Which conflict saw the participation of the 55th Infantry Division from the place where Wrightington Bar is located?	World War I | The Great War | World War | Great War	The conflict involving the 55th Infantry Division and Wrightington Bar is the Battle of Polygon Wood during World War I.	I	C	文档涉及 55th Division 但可见片段未建立 Wrightington 与一战参战链；答案缺充分支持
S2-miss_valid-09	2	miss_valid	562227d2-c78d-43a3-8a01-9c4628e4e01e	Where was the director of film Just Another Margin born?	Hong Kong	J. C. Chandor was born in Paris.	I	W	第一跳已给 Jeffrey Lau，第二跳误搜 J. C. Chandor，出生地错误
S2-miss_valid-10	2	miss_valid	eacef6ca-c549-40c5-afc7-e396d3165e28	The player who hit the most home runs in a single season played how many seasons of Major League Baseball ?	22 seasons	Barry Bonds hit the most home runs in a single season (73 in 2001) and played 22 seasons in Major League Baseball.	I	C	证据支持 Barry Bonds 单季纪录但未给 22 seasons；答案正确但依赖参数知识
S2-miss_invalid-01	2	miss_invalid	9378ae25-2939-4cd5-a0ab-111288d4f5c7	who is the most successful club in spain?	Real Madrid		I	N	搜索未执行，无证据无答案
S2-miss_invalid-02	2	miss_invalid	c3095233-ee5b-4813-a049-e2707d5991e1	When was Christiana Of Schleswig-Holstein-Sonderburg-Glücksburg's husband born?	27 October 1615		I	N	识别 husband 为 Christian I，但错搜另一 Friedrich，未得出生日期
S2-miss_invalid-03	2	miss_invalid	d73fddcc-12b9-4685-81d3-930790e0ca40	When is Victor Surdu's wife's birthday?	9 July 1946		I	N	错将 Ivonka Survilla 当作妻子，未检索 Andreea Marin 的生日
S2-miss_invalid-04	2	miss_invalid	6ed107d9-b51e-4f5f-92a5-9ea2805c4dd0	In what year was the National Hockey League team founded tht Karl Friesen played for?	1974		I	N	只确认 Karl Friesen 经历，未找到球队成立年份
S2-miss_invalid-05	2	miss_invalid	ff56d312-a15c-4166-aa76-6fe5e76a0a57	When did Hurricane Sandy hit the city where the performer of Left Alone was born?	October 28, 2012		I	N	地点与日期链路错误，未得到 gold 日期且未答
S3-hit_valid-01	3	hit_valid	3290606a-bd7f-46cb-bf56-4089195f5192	where must proposed legislation to raise governmental revenue through taxes originate?	in the House of Representatives	The proposed legislation to raise governmental revenue through taxes must originate in the House of Representatives.	S	C	直接说明 revenue bills originate in House；完整句导致 strict EM 失败
S3-hit_valid-02	3	hit_valid	7ee98dba-b163-44be-93b6-a0d7a0c9cdbd	Where did the director of film La Neve Nel Bicchiere die?	Rome	Paolo Genovese died in New York City, and Éric Névé died in Senegal.	I	W	Rome 只是 Paolo Genovese 出生地且导演实体也错误，未支持死亡地点
S3-hit_valid-03	3	hit_valid	94c1a679-a687-46bd-a176-66fd451c9a47	who plays the evil king in black panther?	Michael B. Jordan	Chadwick Boseman	I	W	Michael B. Jordan 只出现在演员表，未建立其饰演反派王的关系
S3-hit_valid-04	3	hit_valid	549021fa-6480-4f78-bf15-a2c5392392ea	Between Co-Ro Food and Pocari Sweat, which is manufactured in Asia?	Pocari Sweat	Pocari Sweat is manufactured in Asia.	I	C	只检索 Pocari 产品描述，未给制造地或 Co-Ro 对照；答案符合 gold 但支持不足
S3-hit_valid-05	3	hit_valid	7a663f41-8491-4582-b5cf-c89750989324	How did the Japanese win the country where Yangmingshan is located?	First Sino-Japanese | First Sino-Japanese War	The Japanese won Taiwan through military campaigns and victories, such as the Battle of Baguashan and the fall of Tainan, which led to five decades of Japanese rule in Taiwan.	S	W	证据明确台湾割让发生于甲午战争结束，回答改成后续军事行动而未答 gold
S3-hit_valid-06	3	hit_valid	135102df-c5c2-4966-afe8-3307b699386b	in 2012 which movie won every category in the 32nd golden raspberry awards?	Jack and Jill	Jack and Jill won every category at the 32nd Golden Raspberry Awards.	S	C	直接说明 Jack and Jill 赢下全部类别；完整句导致 strict EM 失败
S3-hit_valid-07	3	hit_valid	fbb94e98-1e7e-4729-9f3f-3d2cf3d8271e	What article of the constitution provides for the body, that congress delegated the responsibility of establishing court rules of conduct to?	Article Three	Article Three of the United States Constitution	S	C	Article Three 与司法分支关系明确，扩写全称导致 strict EM 失败
S3-hit_valid-08	3	hit_valid	730ce2c6-73b2-4e11-a8fa-5c6b3fc84d17	how many times have the steelers beat the cowboys?	15	4	S	W	赛事条目包含历史总胜场信息，模型把问题误解成超级碗次数并答 4
S3-hit_valid-09	3	hit_valid	0dc58b4e-e10b-4db0-a615-4ae639f95791	who did boston beat in the 2004 world series?	St. Louis Cardinals	Boston beat the St. Louis Cardinals in the 2004 World Series.	S	C	直接说明 Red Sox 击败 Cardinals；完整句导致 strict EM 失败
S3-hit_valid-10	3	hit_valid	82870e25-2a2a-411f-8592-6074acadbaf8	who smuggles sansa stark out of kings landing?	Ser Dontos	Baelish	A	W	证据明确 Baelish 实际带离 Sansa，同时 Ser Dontos 参与救援；问题角色边界有歧义
S3-hit_invalid-01	3	hit_invalid	9e3539ac-59eb-43c6-a363-ff70921ce8db	"Who is ""we belong together"" by the performer of ""Emotions about""?"	Tommy Mottola		S	N	证据说明歌曲视频与 Tommy Mottola 婚姻的关联，模型重复 query 后未答
S3-hit_invalid-02	3	hit_invalid	ccd0c44f-c4c2-4174-8082-8bcf68f44687	Which happened earlier, the founding of Vídeo Brinquedo, or the making of The Haunted World of El Superbeasto?	Vídeo Brinquedo		I	N	只找到两个作品条目，缺少可比较的成立与制作日期
S3-hit_invalid-03	3	hit_invalid	a574a9f3-7a1f-4063-a6ea-749fe6a615b8	Who was born first, Carina Massone Negrone or Perivaldo Dantas?	Carina Massone Negrone		I	N	只有 Carina 出生日期，缺少 Perivaldo 日期，不能完成比较
S3-hit_invalid-04	3	hit_invalid	0e75e7ec-7207-4144-9fd2-6cb80deb4bbc	how many quorums of the seventy are there in the lds church?	eight		S	N	直接说明共有 eight quorums，但未形成答案
S3-hit_invalid-05	3	hit_invalid	17f3ad4c-bc3c-4059-ad27-7ab965ed7f78	when did pele win his last world cup?	1970		S	N	直接列出 Pelé 三次夺冠及最后的 1970，但重复五次后未答
S3-miss_valid-01	3	miss_valid	7831c395-bea5-4036-88b0-44bb24a422ee	The lead singer for Seattle punk band The Gits sang with such conviction that the lyrics became what?	irrelevant	Git	I	W	只识别主唱 Mia Zapata，未检索歌词变得 irrelevant 的陈述
S3-miss_valid-02	3	miss_valid	45d7a81b-3b0d-4b84-aca9-439e4406aeae	What percentage of households in the city where WAYV is located were comprised of non-families?	44.8%	47.7%	I	W	没有识别 WAYV 所在城市，抽取了无关人口百分比
S3-miss_valid-03	3	miss_valid	b0daaeaf-a0fd-439a-8bdc-058dc1b5ea96	"Which English former professional footballer and children's writer. makes appearance in ""Oh Africa""?"	Frank Lampard	Michael Hardcastle	I	W	检索儿童作家而非 Oh Africa 出演者 Frank Lampard
S3-miss_valid-04	3	miss_valid	fe68c6a8-6503-4169-a679-41a8f6e5cf05	What is the name of the home stadium of this American professional baseball team based in Wisconsin that Turner Ward played on?	Miller Park	Borchert Field	I	W	未识别 Turner Ward 所属 Brewers，选择了错误历史球场
S3-miss_valid-05	3	miss_valid	d69c2997-0596-48e3-ab89-a3476eaa7413	The Albany and Schenectady Railroad was built as a quicker alternative to bypass a place that a feat of supernatural strength was performed by who?	The Great Peacemaker	John B. Jervis	I	W	只检索铁路路线，未找到 Pine Bush 传说及 Great Peacemaker
S3-miss_valid-06	3	miss_valid	2ad37419-25b8-4371-bf9a-8bf2436d0de6	when does kaito know that luchia is a mermaid?	Last Kiss	Kaito realizes Luchia is a mermaid during the story's progression when they meet or when a critical event occurs, as the narrative suggests he doesn't recognize her in human form.	I	W	只得到剧情设定，未检索具体集名 Last Kiss
S3-miss_valid-07	3	miss_valid	6947132b-cd2b-4afe-bd4c-0b7b339c4d28	Are the movies The Five Cents Of Lavarede (1913 Film) and An Almost Merry Widow, from the same country?	no	"Insufficient information available about ""An Almost Merry Widow"" to determine its country of origin. Further research is needed."	I	W	未找到两个目标影片，模型明确表示证据不足
S3-miss_valid-08	3	miss_valid	09372da2-4337-483e-a047-8321dc63fcfa	when did the first touch tone phone come out?	18 November 1963	1963	S	P	证据给出完整 1963-11-18，模型只回答年份，部分正确但不满足 gold 粒度
S3-miss_valid-09	3	miss_valid	4b4b9f22-b9ad-4565-ba04-1e7d8c576cbb	how many smithsonian museums are there in the work location of the president who signed the Endangered Species Act of 1973 into law?	Seventeen	19	I	W	识别 Nixon 和 Washington 方向，但未取得 Smithsonian 17 的数据
S3-miss_valid-10	3	miss_valid	f34db63a-2793-4ad3-ae4f-de80e963e209	"Grindhouse is a horror film double feature consisting of ""Planet Terror"" and an American exploitation film about a stuntman who murders young women in what?"	staged car accidents	Planet Terror	S	W	证据明确 Death Proof 用 stunt car 谋杀女性，可推得 staged car accidents；模型答错片名
S3-miss_invalid-01	3	miss_invalid	a61d0305-36a4-4647-8696-ecffb0f16490	Beach Blanket Bingo starred which American actress and singer born on October 22, 1942?	Annette Funicello		I	N	未执行搜索，无证据无答案
S3-miss_invalid-02	3	miss_invalid	0e60311d-4e73-426b-b5c2-5fdb40a30bdc	"What was ""The Hunger Games"" character that was played by one of the stars in ""The Duel""?"	Gale Hawthorne		I	N	未执行搜索，无证据无答案
S3-miss_invalid-03	3	miss_invalid	dbfc1f23-cacb-42b2-816d-f1ad4544b3f8	Coverage of which international situation from 2015 earned the Pulitzer prize for the photojournalist Sergey Ponomarev?	European migrant crisis		I	N	格式错误导致搜索未执行，无证据无答案
S3-miss_invalid-04	3	miss_invalid	cf600aff-1887-4ac6-98db-d4ae46112745	When did the performer of song De Tha Xanagapiso die?	14 September 2001		I	N	检索完全无关人物，未找到歌曲演唱者及死亡日期
S3-miss_invalid-05	3	miss_invalid	29f8d8b9-16c0-4369-83a4-3a384ffbebe3	A country has the soccer club with the name of Jörg van Nieuwenhuijzen's team. Which kingdom adopted coat of arms of the country with its official name sometimes known as this country?	Kingdom of the Netherlands | Holland | NL | nl | Netherlands | NED | the Netherlands		I	N	重复球队 query，未完成国家与纹章王国链路
S4-hit_valid-01	4	hit_valid	a3fd5dce-9bf4-4bce-af6d-ce165f98e865	Garageland took its band name from a song by which English punk band?	The Clash	"The English punk band The Clash took ""Garageland"" as their band name."	S	C	直接说明乐队名取自 The Clash 的歌曲；句子主语表达别扭但答案明确
S4-hit_valid-02	4	hit_valid	959f767a-4c9f-4a5f-acae-e5bb870e1a6e	when does 47 meters down come in theaters?	June 2017	47 Meters Down was released in the United States on June 16, 2017, and in the United Kingdom on July 26, 2017.	S	C	直接给出美国 2017-06-16 上映；更精确日期和英国日期使输出不等于短 gold
S4-hit_valid-03	4	hit_valid	1ab3da2f-e45f-4b6c-8bfd-4e10535313ba	What is the Twelve Level Cap in regards to Confucianism?	rank system	The Twelve Level Cap and Rank System is a Confucian system established in 603, adapted from Chinese systems, with officials wearing silk caps decorated with gold and silver and a feather indicating rank. The ranks were based on the six Confucian virtues.	S	C	条目明确其为 cap and rank system；长解释导致 strict EM 失败
S4-hit_valid-04	4	hit_valid	865aa8d8-3c02-4a14-b83b-aa9dcc33d3c8	In what part of England does The Dean of Blackburn head the chapter of canons?	Lancashire	Lancashire, England	S	C	Blackburn diocese 与 Lancashire 地理关系明确，回答增加 England
S4-hit_valid-05	4	hit_valid	5fb5e78d-4466-43f2-8329-23b8d1574851	What is the record label of the lyricist who composed The Sound of Silence?	Warner Bros.	"The record label of ""The Sound of Silence"" is Columbia Records."	I	W	Warner Bros. 只在无关 Nonesuch 分发关系出现，未检索 lyricist 的唱片公司
S4-hit_valid-06	4	hit_valid	90ab8391-9cb5-4edb-ac99-61c42820d44f	the early work into the phenomenon called instinctive drift was performed by?	Marian Breland | Keller Breland	Keller and Marian Breland	S	C	直接给出 Keller 与 Marian Breland 两人，语义正确
S4-hit_valid-07	4	hit_valid	fdfb9be0-6c99-4629-bd44-c446e5100f84	where is the show wild n out located?	Los Angeles	Wild 'n Out is located in New York City, Los Angeles, and Atlanta, Georgia.	S	P	证据说明不同时期在纽约、洛杉矶和亚特兰大制作；输出包含 gold 但未按所问时点收敛
S4-hit_valid-08	4	hit_valid	452a3c57-30a4-43a3-be77-5247f98ba7a6	what age can you get married in south africa?	18	You must be at least 18 years old to get married in South Africa.	A	C	不同婚姻制度和同意条件对应不同年龄，证据本身存在多口径；答案符合 gold
S4-hit_valid-09	4	hit_valid	67949a77-46e2-45ee-bc9f-8a9300f85aee	What is the cause of death of director of film Gung Ho!?	heart attack	"The director of the film ""Gung Ho!"" is Ray Enright, who died of a spinal injury on September 4, 1953."	I	W	heart attack 属于无关 George Ray，未给导演 Ray Enright 的真实死因
S4-hit_valid-10	4	hit_valid	a674530d-22f9-41ae-a63b-661e75bfd496	Where did the director of film Men On Her Mind die?	Hollywood	Helen Walker died in North Hollywood, California.	I	W	Helen Walker 是演员而非该片导演，Hollywood 仅无关行程出现
S4-hit_invalid-01	4	hit_invalid	91bf3dbc-b063-4db6-b307-81aa9afaf2dd	What are both Thomson MO5 and Atari Falcon?	computer		S	N	两台设备均被明确描述为 computer，但未答
S4-hit_invalid-02	4	hit_invalid	41250c2d-f8f8-4f16-8b73-d292288529db	how many days in a julian calendar year?	365.25		S	N	直接给出 Julian year 平均 365.25 天，但未答
S4-hit_invalid-03	4	hit_invalid	50fa4ac6-f1ea-4dfa-ab01-ad5662f4772a	Past Midnight is a 1991 Neo-noir thriller film starring a stage and screen actress of what nationality?	English		I	N	English 来自无关 Elizabeth Allan，未建立 Past Midnight 女主演国籍
S4-hit_invalid-04	4	hit_invalid	2ec826da-bf76-4178-ac62-d34dc2c8f626	What types of literature did both James McBride and Robert E. Howard compose?	fiction		I	N	只确认 James McBride 写 fiction，缺 Robert E. Howard 对照
S4-hit_invalid-05	4	hit_invalid	602fa2f5-1460-454e-8b1d-9d017fee8359	Are Cinema Prague and Lewis Del Mar both from the same country?	no		I	N	只检索 Prague 电影业，未识别 Cinema Prague 乐队和 Lewis Del Mar
S4-miss_valid-01	4	miss_valid	c3f39042-2e89-4638-a83e-7cc1b265339c	Are Osbeckia and Miscanthus both plants?	yes	Yes, both Osbeckia and Miscanthus are plants.	I	C	仅证实 Miscanthus 是植物，未检索 Osbeckia；yes 正确但支持不足
S4-miss_valid-02	4	miss_valid	aa8b47dd-64ad-45db-9016-ed0626d0db16	Where does the state where the first caucus is held for each presidential campaign, ranked in wind energy production?	seventh in the country	Iowa is ranked first in wind energy production, but the exact location of the first caucus for each presidential campaign is not specified in the search results.	I	W	未得到 Iowa 的第七名排名，错误回答第一
S4-miss_valid-03	4	miss_valid	b39952ff-a264-480a-bf28-c83972959994	Are Tabu Ley Rochereau and Sheldon Rampton of the same nationality?	no	Tabu Ley Rochereau and Sheldon Rampton are of different nationalities.	S	C	两个人物条目足以组合出不同国籍；no 不会原样出现在 passage
S4-miss_valid-04	4	miss_valid	dc3ebf0e-e685-4105-97ce-588dee9a4a09	When was Countess Palatine Hedwig Elisabeth Of Neuburg's husband born?	2 November 1667	Helmut von Neuburg was born on 18 July 1673.	I	W	只找到妻子与丈夫姓名，未取得丈夫 1667-11-02 出生日期
S4-miss_valid-05	4	miss_valid	e3111fc5-4d47-48e0-b9b5-cb72508b649c	What monthly magazine focuses on science and technology?	BBC Focus	Scientific American	I	W	泛化检索得到多个科技杂志，未命中 BBC Focus
S4-miss_valid-06	4	miss_valid	93d0c4e1-c538-44a2-8f16-6c3fce5b07d6	who was the burned guy in winter soldier?	Frank Grillo as Brock Rumlow	Bucky Barnes	I	W	误把 Winter Soldier 本人当作被烧伤的 Brock Rumlow
S4-miss_valid-07	4	miss_valid	4e424186-cf94-447f-be05-00d736243d13	Who does the person a lot of modern pop artists grew up listening to play in A League of Their Own?	taxi dancer ``All the Way ''Mae Mordabito	The Peaches	I	W	只检索影片条目，未完成歌手到角色 Mae Mordabito 的链路
S4-miss_valid-08	4	miss_valid	49e63ee0-e8c3-47b6-ae3c-243e5bba8562	What explorer accurately mapped the coasts of the continent where Friesland is found, and the African region where the WINEP bundles the countries of Northwest Africa?	Piri Reis	Maarten Gerritsz Vries	I	W	检索到姓名近似的荷兰探险家，未找到 Piri Reis
S4-miss_valid-09	4	miss_valid	0a157044-4fa9-4291-a45b-e7246d63826f	When did the director of film Diane Of The Green Van die?	March 26, 1944	The death date of Diane of the Green Van is not available in the provided dataset.	I	W	错搜 Diane 同名条目，未识别影片导演及死亡日期
S4-miss_valid-10	4	miss_valid	463a61f2-3520-49a7-9e16-3b03234b4d69	Which film has the director born first, Meet Miss Bobby Socks or Bad Eggs?	Meet Miss Bobby Socks	Stephen Frears was born first.	I	W	只搜一位错误导演，未比较两部影片导演出生日期
S4-miss_invalid-01	4	miss_invalid	bbacb368-3dd1-4550-aaae-97d767e590a0	when is beowulf believed to have been written?	c. 700–1000 AD		S	N	证据给出约 7 世纪至 11 世纪的写作年代范围，可支持 gold 近似区间，但未答
S4-miss_invalid-02	4	miss_invalid	c9fe5b14-5db1-4fbf-b10a-f0ae44ca4770	Which mountain range separates kinnaur and spiti from the place Yiu Yung-chin claimed the Ming did not possess?	Himalaya mountains | Himalaya | Himalayas | Himalaya Mountains		I	N	检索错误山脉，未找到 Himalayas
S4-miss_invalid-03	4	miss_invalid	9a7bd207-af59-462f-8576-146f15ee0ff5	when do they stop selling beer in kansas?	2 AM		I	N	酒类法规条目未给 2 AM 截止时间，未答
S4-miss_invalid-04	4	miss_invalid	a9f92787-520b-4701-904a-f0facaad860f	In their 72nd season this NBA team aquired an American professional basketball player who was named NBA Rookie of the Year in what year?	2011		I	N	重复宽泛 query，未识别球队、球员和 2011 Rookie 年份
S4-miss_invalid-05	4	miss_invalid	56158bf9-03ef-4127-97d9-4acf97c9da78	Juggernaut was a film starring the actor and singer of what nationality?	Irish		I	N	将影片名检索成漫画和乐队，未找到 Irish 演员歌手
S5-hit_valid-01	5	hit_valid	7236ae6a-4aab-4d2d-907e-39a75558c16b	Who are the two leaders of the opposition in the Canadian province having Southdale?	Wab Kinew	The two leaders of the opposition in the Canadian province having Southdale are Doug Martindale and Jennifer Howard.	S	W	证据明确 Southdale 在 Manitoba 且 Wab Kinew 是反对党领袖，模型答错人物
S5-hit_valid-02	5	hit_valid	4b831345-2eb7-40aa-94bb-19067ffa39e3	Where are the San Juan Mountains in the state where Piedra Vista High School is located?	northwestern New Mexico | New Mexico | New Mexico, United States	The San Juan Mountains are in New Mexico, specifically in the southwestern part of the state.	S	P	回答包含可接受 gold New Mexico，但把 northwestern 错写为 southwestern
S5-hit_valid-03	5	hit_valid	aa6530b6-8e64-4a6a-906d-230d3c6c8576	The author of Sherry also wrote what cable television series that debuted in 1994?	Inside the Actors Studio	Sherry!	I	W	只在片段中出现 Inside the Actors Studio，未建立作者及“wrote”关系，模型答书名
S5-hit_valid-04	5	hit_valid	2a3eea8a-57b1-43d2-b089-50bd99b733d0	who is the oldest person to have a baby naturally?	71 years	Maria del Carmen Bousada de Lara	A	W	证据同时给自然受孕 59 岁与笼统的 71 岁最高年龄，数据口径冲突；模型答人名
S5-hit_valid-05	5	hit_valid	e7b6469d-4145-4455-ab05-a6af66324037	What is the date of death of Sir Thomas Strickland, 2Nd Baronet's father?	12 July 1673	Sir William Strickland, 1st Baronet died on 12 July 1673.	S	C	父子关系与死亡日期均直接给出；完整句导致 strict EM 失败
S5-hit_valid-06	5	hit_valid	6abfe3e9-8c80-4eb2-8a4c-42d6891e0ed4	what is the rank of india in global hunger index 2017?	100	India ranked 100th in the Global Hunger Index 2017.	S	C	直接给出印度排名 100，完整句导致 strict EM 失败
S5-hit_valid-07	5	hit_valid	b2c14d06-f702-4250-84ca-6cf41388cddc	"Which movie director, known for making movies with contemporary supernatural plots and surprise endings, co-wrote ""Stuart Little"" with Greg Brooker?"	M. Night Shyamalan	Rob Minkoff	S	W	证据中 M. Night Shyamalan 为共同编剧，模型误答导演 Rob Minkoff
S5-hit_valid-08	5	hit_valid	de7075fa-dcdb-438e-a8e5-4bcdb4f11358	who played the little boy in mary poppins?	Matthew Adam Garber	Matthew Garber	S	C	Matthew Garber 是 gold 全名的常用简称，人物关系正确
S5-hit_valid-09	5	hit_valid	14e149e5-5bb8-459c-9c09-cda78bddebdb	What is the name of the American actor who was in Love Takes Wings?	Jordan Bridges	James Reid	S	W	Love Takes Wing 条目明确 Jordan Bridges，模型受相似标题干扰误答 James Reid
S5-hit_valid-10	5	hit_valid	2e8ecb74-68c5-4f82-a144-8ae25cb0900c	When did Chopin return to city now hosting the Jazz Jamboree?	September 1829	March 17, 1830	S	W	证据直接给 September 1829，模型回答错误日期
S5-hit_invalid-01	5	hit_invalid	3641e1c7-fa30-467d-a841-161db3789d72	who was killed on the ides of march?	Julius Caesar		S	N	直接说明 Julius Caesar 遇刺，但未形成闭合答案
S5-hit_invalid-02	5	hit_invalid	c858daf4-7676-4d5c-be4a-162a873b06b5	when does the house of cards new season start?	November 2, 2018		S	N	直接给出 House of Cards 第六季 2018-11-02，上限搜索后仍未答
S5-hit_invalid-03	5	hit_invalid	65f76435-1796-4c0d-85a9-54d4a25bd51a	Lynda Bird Johnson Robb is the oldest living child of a U.S. President following the death of a United States Army officer who served as the United States Ambassador to where?	Belgium		S	N	John Eisenhower 的军官、总统子女及驻比利时大使链路完整，但未答
S5-hit_invalid-04	5	hit_invalid	34af680c-69b7-48d5-965f-20b073a7ce98	who was the father of mary in the bible?	Joachim		A	N	证据说明 Joachim 来自教会传统且不见于 Bible，问题前提与 gold 口径冲突
S5-hit_invalid-05	5	hit_invalid	0381c2f0-afdd-49fa-9ea7-a4f2e9e58081	who is on the top 10 most wanted list?	Eduardo Ravelo | Alejandro Castillo | Jesus Roberto Munguia | Alexis Flores | Santiago Villalba Mederos | Jason Derek Brown | Bhadreshkumar Chetanbhai Patel | Robert William Fisher | Yaser Abdel Said		I	N	只出现 wanted list 中一个候选，无法回答开放式复数问题
S5-miss_valid-01	5	miss_valid	5c587be9-c558-4091-800a-32e7edf17e82	Which alumni is featured in the Jordan Brand Classic?	Kevin Durant.	Chris Paul, Carmelo Anthony, Blake Griffin, Kyrie Irving, LeBron James, Kevin Durant, Anthony Davis, Andrew Wiggins, Corey Brewer, Jordan Farmar, Daniel Gibson, LaMarcus Aldridge, Rudy Gay	S	P	证据明确 Kevin Durant 是 alumni；模型输出包含 gold 但罗列过多候选
S5-miss_valid-02	5	miss_valid	af5593b1-9968-4079-a2fa-d5c6e32f1086	What is the date of birth of the director of film The Lady From Texas?	September 15, 1911	Tim Whelan was born on August 22, 1948.	I	W	混淆片名并检索错误同名人物，出生日期错误
S5-miss_valid-03	5	miss_valid	df67317e-5704-4526-9779-c29f24512135	Which county shares a border with the county Warsaw Township is located in?	Indiana County	Jefferson County	I	W	只识别 Warsaw Township 位于 Jefferson County，未检索相邻 Indiana County
S5-miss_valid-04	5	miss_valid	115b481b-5892-4724-9d96-4df964c12386	What number is the school where Margaret Murray was educated ranked among the world's best colleges and universities?	5th	Murray State University is ranked 35th overall among all regional universities in the South by U.S. News & World Report.	I	W	把 Margaret Murray 误关联 Murray State，学校与排名均错误
S5-miss_valid-05	5	miss_valid	84fe6123-a5cd-4860-86a8-62fc20a2ab9d	What was the first public hospital founded in the country winning the battle of El Bracito?	Bellevue Hospital | Bellevue	San Hipólito Hospital	I	W	错误判断 El Bracito 所属国家，转向墨西哥医院
S5-miss_valid-06	5	miss_valid	d1612ff3-c8c5-4767-86e6-fa69c7235c7e	William M. Steele attended a school housed in where?	Roosevelt Hall	Webster University	I	W	同名实体检索失败，未找到 Roosevelt Hall
S5-miss_valid-07	5	miss_valid	2a39eda0-5ffc-4c84-b2b0-a27e1439c5c7	When was the country where Bernardo de Balbuena died declared a U.S. territory?	1898	December 10, 1898	I	C	1898 日期与 gold 年份语义一致，但可见证据未建立 Puerto Rico 领地日期
S5-miss_valid-08	5	miss_valid	3feadde6-e581-4ea5-a4fb-23507693918b	"The Blink-182 song ""Ghost on the Dance Floor"" was speculated to be inspired by the death of a DJ that died in what year?"	2009	2008	I	W	只识别 DJ AM，未检索其 2009 去世年份
S5-miss_valid-09	5	miss_valid	7a84c0b3-b7c7-4427-8182-0aab22cc341f	Who was the leader of the Autobots voiced by?	Peter Cullen and Hugo Weaving	Garry Chalk	A	W	不同 Transformers 版本对应 Garry Chalk、Peter Cullen 等配音，问题版本限定不足
S5-miss_valid-10	5	miss_valid	79052e1a-974d-4a04-b6d1-741cf3b2dd0b	What is the record label of the artist who released the Rapper Gone Bad album?	Thizz Entertainment	Bad Boy Records	I	W	检索错误唱片公司，未找到 Mac Dre 与 Thizz Entertainment
S5-miss_invalid-01	5	miss_invalid	dc82a931-0c7f-4058-925d-44823bb3548c	how many types of skin color are there?	VI		I	N	只检索一般肤色内容，未找到 Fitzpatrick VI 类型体系
S5-miss_invalid-02	5	miss_invalid	5ffdea6e-5e3e-4944-ba9c-f26f67336de8	important in facilitating the conversion of american industry to mass production was?	The development of machine tools | the system of interchangeable parts		I	N	检索工业革命与量产定义，未取得 machine tools/interchangeable parts 关键句
S5-miss_invalid-03	5	miss_invalid	43356918-8491-48d2-b0df-366c065f4839	Do both films: Too Many Parents and The Central Park Five have the directors from the same country?	yes		I	N	只找到 Central Park Five 导演，缺 Too Many Parents 导演国籍
S5-miss_invalid-04	5	miss_invalid	feec57fc-9ce8-47d0-9a52-5e26d70bc390	What dates will the games preceded by the 2017 games scheduled in Fokuoka, Japan occur?	August 24 to 31, 2019		I	N	将 Fukuoka 赛事误搜成亚洲冬季运动会，日期链路失败
S5-miss_invalid-05	5	miss_invalid	db83f363-ddc6-4c72-a93e-0f5b289a69d3	Where are the badlands located in the state where Aurora Township is found?	western North Dakota | North Dakota | ND		I	N	Aurora Township 检索到 Minnesota/Illinois，未定位 North Dakota 目标实体
S6-hit_valid-01	6	hit_valid	8578b47e-7107-4cd4-9407-9096a190284c	who does the voice for how its made?	Brooks Moore	Brooks Moore and Tony Hirst	S	P	证据支持 Brooks Moore，模型又加入未受支持的 Tony Hirst
S6-hit_valid-02	6	hit_valid	db4b0dae-30fb-4c79-8f9e-14772fb631ce	which acid is used to write on glass?	hydrofluoric acid	Hexafluorosilicic acid (HSiF)	S	W	玻璃蚀刻与 hydrofluoric acid 条目可支持 gold，模型误答另一种酸
S6-hit_valid-03	6	hit_valid	6ad1d726-6e87-41b2-8092-ca4dc56fd895	when are spermatozoa transported from the vas deferens to the abdominal urethra?	ejaculation	Spermatozoa are transported from the vas deferens to the abdominal urethra during ejaculation.	S	C	证据明确 ejaculation 期间输送，完整句导致 strict EM 失败
S6-hit_valid-04	6	hit_valid	c08d6c4d-f183-43fe-a562-c3452d70ade4	Which musician performed with Stephen Malkmus and the Jicks, Jon Spencer or Stephen Malkmus?	Stephen Joseph Malkmus	Stephen Malkmus	S	C	Stephen Malkmus 与全名 gold 为同一人，简称可接受
S6-hit_valid-05	6	hit_valid	7670f579-403b-49eb-b8ce-00ae76666d8b	Edsger Wybe Dijkstra (] ; 11 May 1930 – 6 August 2002) was a Dutch computer scientist and an early pioneer in many research areas of computing science who held the Schlumberger Centennial Chair in Computer Sciences at the University of Texas at Austin from 1984 until his retirement in 1999, he was a professor of mathematics (1962–1984), at which university of technology located in Eindhoven, Netherlands?	Eindhoven University of Technology	Edsger Wybe Dijkstra was a professor of mathematics at the Eindhoven University of Technology.	S	C	教授任职学校直接给出，完整句导致 strict EM 失败
S6-hit_valid-06	6	hit_valid	651cd733-3bf3-4b3c-84ed-c6c32896feab	when was the last mini cooper s made?	4 October 2000	1971	A	W	证据同时给 1971 Cooper S 停产和 2000 Mini 总生产结束，问题“last”口径有歧义
S6-hit_valid-07	6	hit_valid	bad1342e-4e3b-47e0-9eea-b15a27575b37	"What film won an award at the 2002 Cannes Film Festival and was based on the autobiographical book ""The Pianist""?"	The Pianist	The Pianist (2002 film)	S	C	影片、原著与奖项关系充分，括号消歧不影响语义
S6-hit_valid-08	6	hit_valid	0d213b45-616c-455d-a801-bb1cb528b8f0	what county is port saint lucie florida in?	St. Lucie County	St. Lucie County, Florida	S	C	St. Lucie County 直接命中，附加 Florida 不影响语义
S6-hit_valid-09	6	hit_valid	4faa17a6-5dca-450a-9f78-fc8c25b5534c	who had the flag first texas or chile?	Chile	Chile had the flag first	S	C	证据直接比较 1817 与 1839，答案正确
S6-hit_valid-10	6	hit_valid	623e31a5-66ad-4ca1-bdfb-f1bf14357989	which political party has dominated japanese politics since the end of world war ii?	the LDP	Liberal Democratic Party (LDP)	S	C	LDP 全称与缩写均明确，语义正确
S6-hit_invalid-01	6	hit_invalid	f1adb08e-6643-416c-80e7-0b1de9bfb632	who plays the baker in into the woods?	James Corden		S	N	James Corden 饰演 Baker 的证据充分，但未形成答案
S6-hit_invalid-02	6	hit_invalid	41bd4a4d-2b88-4327-a940-aa0e59a87fa8	Like the Baltoro Kangri, K12 is present in what range of mountains?	Karakoram mountain range		I	N	只证明 Baltoro Kangri 属 Karakoram，未证明 K12 也属于该山系
S6-hit_invalid-03	6	hit_invalid	3d006ea0-b62a-4782-b7bf-e4609871d805	when is lost in space being released on netflix?	April 13, 2018		S	N	发布日期在多条 passage 中直接出现，重复五次后未答
S6-hit_invalid-04	6	hit_invalid	d740fe0e-4b69-44df-96dd-da96ff5d7091	Who is American Airlines partner headquartered in Barnstable Municipal Airport.	Cape Air		I	N	只证明 Cape Air 总部地点，未显示与 American Airlines 的合作关系
S6-hit_invalid-05	6	hit_invalid	a7b50020-953b-47fe-b40d-e808a14eadbb	What song about a medical student named Maxwell Edison who commits murders with a hammer was first issued a single in Central America?	Maxwell's Silver Hammer		S	N	歌曲标题和题述内容直接匹配，但未答
S6-miss_valid-01	6	miss_valid	28fef5f9-87de-4c16-9286-5b7b0e642ea2	Are both high schools, Alabama School Of Fine Arts and Dover High School (New Jersey), located in the same country?	yes	Both Alabama School of Fine Arts and Dover High School (New Jersey) are located in the United States.	I	C	只检索 Dover High School，未检索 Alabama School；yes 正确但证据不完整
S6-miss_valid-02	6	miss_valid	a8e628e7-e85d-47ac-acd0-de7d01618d0d	Who was the quarterback of the team which Ryan Fitzpatrick played for when they won the Super Bowl?	Brad Johnson	Tampa Bay Buccaneers	I	W	只识别 Fitzpatrick 在 Buccaneers，未完成冠军赛季 quarterback 链路
S6-miss_valid-03	6	miss_valid	26d12b5d-ad50-4ff1-9ab6-db0b728bf2e0	What is the tallest structure in the country where Aksar is located?	the twin towers of the Bahrain Financial Harbour | Bahrain Financial Harbour	The tallest structure in Turkey is the Seljuk Tower, which stands at 163 meters (535 feet) tall.	I	W	把 Aksar 定位到错误国家，后续最高建筑回答错误
S6-miss_valid-04	6	miss_valid	23d27270-711f-4735-86b1-acf41e93713f	When did Ryang Chun-hwa's birthplace experience the arrival of the torch?	April 28	The arrival of the torch in Ryang Chun-hwa's birthplace (Mudanjiang, Heilongjiang, China) is not mentioned in the provided evidence.	I	W	检索错误火炬事件，未取得 April 28
S6-miss_valid-05	6	miss_valid	44459296-6e57-4cec-a0cd-2cfc8f0356f4	When is the new album coming out from the Sing Like Me performer?	October 31, 2017	April 13, 2018	I	W	被相似歌名 Woman Like Me 干扰，未找到 Sing Like Me 演唱者新专辑日期
S6-miss_valid-06	6	miss_valid	04e548e5-1b99-4d76-a299-89e0d6398933	When did WW2 end in the country that seized Libya from the main subject of the Ottoman era in the history of Rila's country?	July 1943	1943	I	P	只取得 1943 年而缺 July 和完整国家链路，部分命中 gold
S6-miss_valid-07	6	miss_valid	909917e7-4b1b-47eb-96e3-313429c3ec63	Are Personal Maid'S Secret and River Of Grass both from the same country?	yes	River of Grass is from China, but Personal Maid'S Secret's country is not specified in the provided search results.	I	W	未检索 Personal Maid's Secret，且错误判断 River of Grass 国家
S6-miss_valid-08	6	miss_valid	704b5668-afca-4d84-87aa-39a78b3351fd	Who wrote the libretto for an opera directed by Thaddeus Strassberger?	Jacopo Ferretti	Giuseppe Verdi	I	W	列出多个歌剧但未定位目标作品与 Jacopo Ferretti
S6-miss_valid-09	6	miss_valid	51873130-1e3a-4b41-979f-0a84788ab4bd	Did Gregg Rolie and Gaz Coombes both play for Santana?	no	Gregg Rolie was a member of Santana, but Gaz Coombes was not.	I	C	只证明 Gregg Rolie 属 Santana，未检索 Gaz Coombes；no 正确但证据不完整
S6-miss_valid-10	6	miss_valid	585c9977-3619-4106-b4cb-b31779a4b2a3	When did the birthplace of Ganju Lama become an Indian state?	the 36th Amendment	Sangmo became part of India in 1947 when Sikkim was integrated into the Indian Union.	I	W	只确认出生地 Sikkim，未检索成为印度邦的 36th Amendment
S6-miss_invalid-01	6	miss_invalid	a027bf9f-09e0-4e62-96f8-e631395fb7b3	most points scored by a single team in an nba game?	186 points		I	N	检索成球员个人 100 分纪录，未找到球队单场 186 分
S6-miss_invalid-02	6	miss_invalid	827399f3-1b35-4516-9236-40540ce86a64	"Who published the video game that ""Ms. Crumby"" was used in?"	Ubisoft		I	N	未找到 Ms. Crumby 对应游戏及 Ubisoft
S6-miss_invalid-03	6	miss_invalid	ec0c41be-ff78-4d3c-a085-9a38bf1af715	To which country was the historical figure used for the basis of the novel Strandloper transported to?	Australia		I	N	格式错误导致搜索未执行，无证据无答案
S6-miss_invalid-04	6	miss_invalid	5ce1abf7-0d1a-4797-8da5-894be4934ce7	"What seventh ""Nimitz""-class nuclear-powered supercarrier did Sibel Catherine Galindez née Ergener meet her husband on?"	USS John C. Stennis		I	N	检索无关人物，未找到 USS John C. Stennis
S6-miss_invalid-05	6	miss_invalid	ca963408-f398-4b45-9dfe-61429f838f4a	who said a little learning is a dangerous thing?	Alexander Pope		I	N	重复宽泛学习 query，未找到 Alexander Pope
S7-hit_valid-01	7	hit_valid	0cdb9783-4664-4ee9-9a59-f36a1974a210	largest stock exchanges in africa by market capitalisation?	EGX | Casablanca Stock Exchange | Nigerian Stock Exchange | 4 African Exchange | Zimbabwe Stock Exchange | Namibian Stock Exchange | Johannesburg Stock Exchange	Nigerian Stock Exchange is the largest stock exchange in Africa by market capitalization, with a total market capitalization of over ₦13 trillion as of 2018.	S	W	证据说明 Nigerian Exchange 仅为非洲第三，模型却答最大；多答案问题也未完整作答
S7-hit_valid-02	7	hit_valid	a404ed1a-054c-4755-b992-ff5b04597eb5	when did the wise man's fear come out?	March 1, 2011	The Wise Man's Fear was released on March 1, 2011.	S	C	发布日期直接给出，完整句导致 strict EM 失败
S7-hit_valid-03	7	hit_valid	d12668e6-8329-447b-8ee6-597a507bd7b4	among the leaders of the english peasants' revolt of 1381 was/were?	Wat Tyler	John Ball, John Wrawe, and Jack Straw	S	P	证据列出多位起义领袖，回答给出部分合理名单但遗漏数据集 gold Wat Tyler
S7-hit_valid-04	7	hit_valid	34f4705c-09ac-4b2a-b388-fc266c378d78	who was the founder of nepal red cross society?	Princess Princep Shah of Nepal	Princess Princep Shah	S	C	Princess Princep Shah 与 gold 同一人，省略 Nepal 不影响语义
S7-hit_valid-05	7	hit_valid	8cf468ab-38f6-49d6-a0ee-8be9003ae9de	who has the most around the horn wins?	Woody Paige	"The information provided does not specify a particular person who has the most ""around the horn"" wins."	S	W	条目指向 Woody Paige 的历史最多胜场，模型错误宣称无信息
S7-hit_valid-06	7	hit_valid	0fff8fcf-7ee8-428d-bfcd-b5d7bbec1256	who was given the ten commandments by god?	Moses	God	S	W	Moses 与 Ten Commandments 的关系足以回答，模型把给予者 God 当成接受者
S7-hit_valid-07	7	hit_valid	2cf8d470-0015-4d34-a148-cabefadcd418	when did july 4th become a paid federal holiday?	1938	July 4th became a paid federal holiday in 1776.	I	W	1938 在片段中指 Armistice Day，未支持 July 4 paid holiday；模型答 1776
S7-hit_valid-08	7	hit_valid	4b6bc67a-6711-444d-8d9e-dab6c6ff2472	when was the rocky horror picture show released?	14 August 1975	The Rocky Horror Picture Show was released on August 14, 1975, in the UK and September 26, 1975, in the US.	S	C	直接给出英国 1975-08-14，附加美国日期不改变核心答案
S7-hit_valid-09	7	hit_valid	7edcc35a-2b62-426c-8efa-d1c3d4a6f65e	what is the name of the latest version the OS of the company that manufactures iPods?	macOS | Mac OS | MacOS | OS X | Mac OS X	macOS Mojave	S	C	macOS Mojave 是证据所称最新 macOS 版本，回答比 gold 更具体
S7-hit_valid-10	7	hit_valid	a6d9b878-57b2-4217-b6e7-38c6628dfe01	What wrestler besides Kairi Hojo and 岩谷 麻優 is known as part of the three best wrestlers in the world?	Io Shirai	Mayu Iwatani	S	W	证据明确第三人是 Io Shirai，模型重复已在题中的 Mayu Iwatani
S7-hit_invalid-01	7	hit_invalid	a18a3699-afaf-49b5-8baa-b8d98d5b6f14	what is the mascot for the university of st louis?	the Billiken		S	N	证据直接给 Saint Louis University mascot 为 Billiken，重复搜索后未答
S7-hit_invalid-02	7	hit_invalid	fef39d3d-57dd-44a3-9832-652493f455c9	who does the voice of the gecko on geico?	Jake Wood		S	N	直接给 Jake Wood 为 gecko 配音，但未答
S7-hit_invalid-03	7	hit_invalid	9f755f80-01eb-497c-bd82-e786790e146f	who did the state of the union 2017?	Donald Trump		S	N	2017 Trump 联席会议演讲证据充分，但未答
S7-hit_invalid-04	7	hit_invalid	4a72894b-e560-4864-804d-59af246034fa	red flag is the newspaper of which country?	China		A	N	检索结果同时有中国 Red Flag 杂志与玻利维亚同名报纸，问题媒介/国家口径不清
S7-hit_invalid-05	7	hit_invalid	62282a97-9dad-44b4-a31a-37b4c96db432	when does season 2 of seven deadly sins?	February 17, 2017.		S	N	直接给 Season 2 于 2017-02-17 发布，但未答
S7-miss_valid-01	7	miss_valid	1df3ef8f-984b-4935-aeab-8ce5a1e52fa8	What was founded by the performer of Americano?	Lady Gaga Fame	American Classical Orchestra	I	W	被 Americano/americano 词形干扰，未识别 Lady Gaga 及其品牌
S7-miss_valid-02	7	miss_valid	a1497b39-11e0-4aa6-931e-b5623ab35eae	how many assist does ozil have in his career?	25	50 assists	A	W	“career assists”缺联赛和统计时点，证据给 50 而 gold 为 25，口径冲突
S7-miss_valid-03	7	miss_valid	87b08524-c3da-4bfd-9515-9405402247a1	Brian Hamilton was born at a hospital located in a village incorporated in what year?	1896	1842	I	W	检索错误 Hamilton 实体和 township，未找到目标医院村庄
S7-miss_valid-04	7	miss_valid	956e68e2-40e1-4853-a29d-1a78a357d34f	Do Bruno Mattei and Gianni Amelio have the same profession?	yes	Both Bruno Mattei and Gianni Amelio are film directors.	S	C	两位人物都明确是 film director；yes 需比较推导且不会原样出现
S7-miss_valid-05	7	miss_valid	578bfdb8-925e-428a-b3d1-b1c0f210485e	Who wrote and produced the R&B hit single which was featured as #69 in Billboards magazines Top Hot 100 songs of 1983?	Jimmy Jam & Terry Lewis	Michael Jackson	I	W	未识别 1983 排名第 69 的目标单曲与 Jimmy Jam/Terry Lewis
S7-miss_valid-06	7	miss_valid	9c10d483-d1d7-4c6a-81a3-a2baadd9ed05	Who was born first, Ricardo Thomas or Matt Goff?	Matt Goff	Information not available	I	W	同名人物检索失败，无法比较出生日期
S7-miss_valid-07	7	miss_valid	6290b39a-c01c-4bd3-9c28-1e688663fc73	Do the movies Love At Sea (1936 Film) and Many Kisses Later, originate from the same country?	no	Love At Sea (1936 Film) is from the Soviet Union, while Many Kisses Later is from the United States.	I	W	检索的是其他近似片名，两个国家判断无支持
S7-miss_valid-08	7	miss_valid	1db7cd9c-ccf9-4d53-a239-95193da68447	what was the total 2016 presidential election vote of volusia county?	100.00%	Volusia County's 2016 presidential election vote count is not provided in the search results.	I	W	只找到 Florida 全州结果，未取得 Volusia County 表格的 100%
S7-miss_valid-09	7	miss_valid	748d8e79-babd-4729-b3d3-3f5c17435fa9	What novel features the historical period commonly described as occurring between 1947-1991?	The Night of Wenceslas	Century (novel)	I	W	未识别 Cold War 与 The Night of Wenceslas，选择错误小说
S7-miss_valid-10	7	miss_valid	9d226e0a-4fcd-49f0-b72a-044577141c43	The Melbourne Vixens play thier home games at Hisense Arena and another arena built in what year?	1987	2008	I	W	只识别两座主场馆，未检索另一场馆建成年份
S7-miss_invalid-01	7	miss_invalid	3c4605ba-0013-4b5d-a7b0-7af75ca7af3e	Are Shahrak-E Shomali and Taqiabad, Mazandaran both located in the same country?	yes		I	N	格式错误导致搜索未执行，无证据无答案
S7-miss_invalid-02	7	miss_invalid	6bada57c-5d9b-400a-ac10-2ec1f6876d13	Who dropped out of the alma mater of the man who owns the gold spike in the city where The Killers was founded and became the person many refer to as the founder of public relations?	Basil Clarke		I	N	复杂链路第一跳即失败，未找到 Basil Clarke
S7-miss_invalid-03	7	miss_invalid	1b07b4a4-b8ea-4d19-b2c8-09a830bbbee4	who led the nba in steals this year?	Draymond Green		A	N	“this year”缺训练语境时点，检索混入多个赛季且未找到 Draymond Green
S7-miss_invalid-04	7	miss_invalid	bd81ef0a-2cf6-46f7-bf62-a7c78eed19f0	who has won the most little league world series?	Taiwan		I	N	只找到赛事一般信息，未取得台湾累计冠军纪录
S7-miss_invalid-05	7	miss_invalid	7b3335e5-7f9e-4f8c-8250-f6be8b26c138	"What film directed bySalvatore Samperi original name was Malizia italian for "" malice""?"	Malicious		I	N	格式错误导致搜索未执行，无证据无答案
S8-hit_valid-01	8	hit_valid	fc26cea5-52db-47cd-9f40-7c44d9e3dbd2	when did the first car seat come out?	in the early 1900s	The first car seat is not explicitly mentioned in the provided search results, so the exact release date cannot be determined from the available information.	I	W	early 1900s 描述第一辆汽车而非第一款儿童座椅，是字面 gold 假命中
S8-hit_valid-02	8	hit_valid	6e6460b6-073d-4c01-b46e-d1d3fff807b3	who does michael fire in the halloween episode?	Devon	Michael Fire is not mentioned in the Halloween episode of The Office. The episode refers to Devon as the background character, but there is no record of Michael Fire being fired in this episode.	S	W	Halloween 条目围绕 Devon 离场和对 Michael 的愤怒，可支持被解雇对象；模型否认
S8-hit_valid-03	8	hit_valid	17ae5d07-914a-44c8-9cb3-79fb0812a236	Which film has the director died earlier, Champ For A Day or Otec Neznámý Aneb Cesta Do Hlubin Duše Výstrojního Náčelníka?	Champ For A Day	Insufficient information to determine who died earlier.	I	W	只识别 Champ for a Day 及导演姓氏，未找到两位导演死亡日期
S8-hit_valid-04	8	hit_valid	66115483-7cbb-4ed0-8145-9fa3dcf5bfc5	division of the back contains the neck vertebrae?	Cervical vertebrae	Yes, the division of the back (vertebral column) includes the neck vertebrae (cervical vertebrae).	S	C	直接说明 neck vertebrae 为 cervical vertebrae；完整句导致 strict EM 失败
S8-hit_valid-05	8	hit_valid	0a740b39-4d1b-4cfb-b60a-9264703f5bc5	what was rome's first set of written laws called?	Law of the Twelve Tables	The Twelve Tables	S	C	The Twelve Tables 是 Law of the Twelve Tables 的标准简称
S8-hit_valid-06	8	hit_valid	f4cceeee-c29d-494d-9e76-3c7d7fe616cb	Nicholas Hoult played the role of Marcus Brewer in the comedy film co-written by whom?	Chris Weitz and Paul Weitz	Chris and Paul Weitz	S	C	Chris and Paul Weitz 与 gold 同一两人，简称可接受
S8-hit_valid-07	8	hit_valid	b60b66b9-ced9-416c-bb44-30404216158b	when did pablo sandoval go back to the giants?	2017	August 5, 2017	S	C	2017 及回归 Giants 事实明确，回答更精确到日期
S8-hit_valid-08	8	hit_valid	8d911332-5546-4e41-af50-e87b75917c00	who was apollo creed fighting when he died?	Drago	Invincible, Drago	S	P	Drago 正确，但输出额外加入无意义的 Invincible
S8-hit_valid-09	8	hit_valid	8b6205f6-66d6-4fb0-86cf-3ed340ce9f69	Carbrini Sportswear which is owned by JD Sports is based in?	Bury, Greater Manchester, England	Bury, Greater Manchester	S	C	Bury, Greater Manchester 与更完整 gold 地点一致
S8-hit_valid-10	8	hit_valid	191a656a-0e9b-4bf9-a01f-aed2e43ade04	who had the best batting average in baseball history?	Ty Cobb	Ty Cobb had the best batting average in baseball history with a .366 career average.	S	C	直接给 Ty Cobb 最高生涯打击率，完整句导致 strict EM 失败
S8-hit_invalid-01	8	hit_invalid	9e7edfcb-4e82-4da7-86e5-192ab9c3987c	Which 1999 French Open - Women's Doubles runner-up was born in Russia on 7 June 1981?	Anna Kournikova		I	N	Anna Kournikova 出现在其他赛事/搭档叙述，未建立法国网球公开赛亚军及出生日期关系
S8-hit_invalid-02	8	hit_invalid	61f8ca4a-a78e-436f-a9b4-bccc98f24db3	Are Black Orchids (Film) and The Clerics from the same country?	no		I	N	只检索 Black Orchids，缺 The Clerics 及两国比较
S8-hit_invalid-03	8	hit_invalid	f9a6d0c8-d7c9-4d32-af37-824d2bad3ac6	Alfred Shepherd was posted to the squadron that was a unit of what part of the Royal Air Force?	Royal Flying Corps		S	N	Alfred Shepherd 转入 Royal Flying Corps 并被派往 squadron 的链路充分，但未答
S8-hit_invalid-04	8	hit_invalid	00f11b49-ce9e-408e-9d9a-18e21a1494fa	who starred in oh what a lovely war?	Malcolm McFee | Michael Redgrave | Ralph Richardson | Phyllis Calvert | Paul Shelley | Jack Hawkins | Corin Redgrave | Ian Holm | Nanette Newman | Laurence Olivier | John Gielgud | Maggie Smith | Kenneth More | Vanessa Redgrave | Maurice Roëves | John Mills | Dirk Bogarde | John Clements | Edward Fox | Susannah York | Jean-Pierre Cassel		S	N	ensemble cast 完整列出多个可接受 gold，但未答
S8-hit_invalid-05	8	hit_invalid	71eefbb5-dec5-4e93-99eb-e7ba51f8da3c	Who was the producer of 1988 British-American high fantasy film 'Willow' which included the actor, impressionist and comedian Kevin Pollak in his first major film role?	George Lucas		S	N	直接说明 Willow 由 George Lucas 制作，但未答
S8-miss_valid-01	8	miss_valid	fac52b84-cdb2-4269-ad34-ad29ac75a583	What two teams played in the final to advance to the npower Championship?	Crystal Palace and Watford	No information available about the npower Championship or the teams involved.	I	W	npower 被检索成同名非营利组织，未找到 Crystal Palace/Watford
S8-miss_valid-02	8	miss_valid	38650c6f-b899-4820-8ec0-91291a94c178	Do director of film Big Fan and director of film Cap Tourmente (Film) share the same nationality?	no	"No, the directors of ""Big Fan"" (Robert D. Siegel) and ""Cap Tourmente (Film)"" (Walter Tournier) do not share the same nationality. Tournier is Uruguayan, while Siegel's nationality is not specified in the search results."	I	P	最终 no 与 gold 一致，但误认 Cap Tourmente 导演为 Walter Tournier，推理链错误
S8-miss_valid-03	8	miss_valid	de3fdecb-75b9-406c-a235-4b68370642a3	where will failure of the left ventricle cause increased pressure?	the pulmonary venous system	left ventricle	S	W	证据明确 increased pulmonary venous congestion，模型误答 left ventricle
S8-miss_valid-04	8	miss_valid	70be25d0-a215-44e2-b7d8-8b0676afb380	What organization shares jurisdiction with the agency which National Center for the Analysis of Violent Crime is part of?	DEA | Drug Enforcement Administration	The Behavioral Analysis Unit (BAU) shares jurisdiction with the National Center for the Analysis of Violent Crime (NCAVC).	I	W	只确认 NCAVC 属 FBI，未检索 FBI 与 DEA 的共享管辖事实
S8-miss_valid-05	8	miss_valid	b3ace5a1-6ed7-499e-8f99-03e7971908d5	Who was the spouse of the author whose novels painted a dismal portrait of Victorian London?	Catherine Dickens	Elizabeth Dickens	I	W	只识别 Charles Dickens，未检索配偶 Catherine Dickens
S8-miss_valid-06	8	miss_valid	ccc2ef71-28fd-48dc-a681-8aea0a2e1ae3	What is the place of birth of the director of film The Dove'S Lost Necklace?	Korba	Chicoutimi, Quebec	I	W	只识别导演 Nacer Khemir，未检索其出生地 Korba，答案来自无关人物
S8-miss_valid-07	8	miss_valid	159bfea8-053d-42b8-907f-7721faad47b8	What was the date of death of a racially charged entertainment performer?	June 12, 1948	Lew Dockstader died on October 26, 1924.	I	W	开放描述匹配到多个 blackface performer，未识别数据集目标及日期
S8-miss_valid-08	8	miss_valid	65eb4f78-9b1d-4c16-8efc-5f80896d5f86	"Where is the filmmaker who made ""Ain't Them Bodies Saints"", which premiered at Sundance Film Festival in 2013, based?"	Dallas, Texas	David Lowery	I	W	只回答导演姓名，未取得其 based in Dallas 的地点信息
S8-miss_valid-09	8	miss_valid	1cc9d7e6-4b78-431f-a8db-029598d61be2	In terms of population, what was the rank of the state where Deoghar District is located?	14th	The state where Deoghar District is located (Jharkhand) has a population rank of 337th in India, as per the 2011 census. However, the exact rank of Jharkhand as a state is not provided in the search results.	I	W	把 district 的全国排名与州人口排名混淆，未得到 14th
S8-miss_valid-10	8	miss_valid	e1ab12f0-9f55-455d-9158-9dca9947ccdf	What was the student enrollment at all campuses in the Fall of 2014 for the University where Danny Manning played?	26,968	3,961	I	W	未识别 Danny Manning 的 University of Kansas，抽取错误学校 enrollment
S8-miss_invalid-01	8	miss_invalid	86b52754-a145-4a5c-9333-63cac16aa080	Who was the 2017 leader of the country where the company that manufactured the Standard Ten operated?	Theresa May		I	N	Standard Ten 制造商与英国领导人链路未开始
S8-miss_invalid-02	8	miss_invalid	569f63a8-bb5d-4c8c-aa51-d2703417fb5b	In season 5 of the series with the episode All The Pretty Sources who is Blair's baby daddy?	Louis Grimaldi		I	N	格式错误导致搜索未执行，无证据无答案
S8-miss_invalid-03	8	miss_invalid	42990bbc-c806-463b-8c93-8eacfd09f42f	when was an audience with cliff richards made?	1999		I	N	检索到节目和巡演条目但没有 1999 制作日期
S8-miss_invalid-04	8	miss_invalid	0aab59b5-5ca4-4aed-abcb-bb107a67ca49	The national railway that developed the USRA Heavy Mikado came to and end in which year?	1920		I	N	只确认 USRA 是国有铁路系统，未取得其 1920 终止年份
S8-miss_invalid-05	8	miss_invalid	5863f873-2593-432f-80ae-98e069c13e00	Who is the first Prime Minister of the country where Ultimax 100 is from?	Lee Kuan Yew		I	N	只完成 Ultimax 100 来自新加坡第一跳，未检索首任总理
